name,code,flag,appStore
United Arab Emirates,AE,ğŸ‡¦ğŸ‡ª,true
Afghanistan,AF,ğŸ‡¦ğŸ‡«,true
Antigua & Barbuda,AG,ğŸ‡¦ğŸ‡¬,true
Anguilla,AI,ğŸ‡¦ğŸ‡®,true
Albania,AL,ğŸ‡¦ğŸ‡±,true
Armenia,AM,ğŸ‡¦ğŸ‡²,true
Angola,AO,ğŸ‡¦ğŸ‡´,true
Argentina,AR,ğŸ‡¦ğŸ‡·,true
Austria,AT,ğŸ‡¦ğŸ‡¹,true
Australia,AU,ğŸ‡¦ğŸ‡º,true
Azerbaijan,AZ,ğŸ‡¦ğŸ‡¿,true
Bosnia and Herzegovina,BA,ğŸ‡§ğŸ‡¦,true
Barbados,BB,ğŸ‡§ğŸ‡§,true
Belgium,BE,ğŸ‡§ğŸ‡ª,true
Burkina Faso,BF,ğŸ‡§ğŸ‡«,true
Bulgaria,BG,ğŸ‡§ğŸ‡¬,true
Bahrain,BH,ğŸ‡§ğŸ‡­,true
Benin,BJ,ğŸ‡§ğŸ‡¯,true
Bermuda,BM,ğŸ‡§ğŸ‡²,true
Brunei,BN,ğŸ‡§ğŸ‡³,true
Bolivia,BO,ğŸ‡§ğŸ‡´,true
Brazil,BR,ğŸ‡§ğŸ‡·,true
Bahamas,BS,ğŸ‡§ğŸ‡¸,true
Bhutan,BT,ğŸ‡§ğŸ‡¹,true
Botswana,BW,ğŸ‡§ğŸ‡¼,true
Belarus,BY,ğŸ‡§ğŸ‡¾,true
Belize,BZ,ğŸ‡§ğŸ‡¿,true
Canada,CA,ğŸ‡¨ğŸ‡¦,true
"Congo, Democratic Republic Of The",CD,ğŸ‡¨ğŸ‡©,true
"Congo, Republic of",CG,ğŸ‡¨ğŸ‡¬,true
Switzerland,CH,ğŸ‡¨ğŸ‡­,true
Cote D'Ivoire,CI,ğŸ‡¨ğŸ‡®,true
Chile,CL,ğŸ‡¨ğŸ‡±,true
Cameroon,CM,ğŸ‡¨ğŸ‡²,true
China,CN,ğŸ‡¨ğŸ‡³,true
Columbia,CO,ğŸ‡¨ğŸ‡´,true
Costa Rica,CR,ğŸ‡¨ğŸ‡·,true
Cape Verde,CV,ğŸ‡¨ğŸ‡»,true
Cyprus,CY,ğŸ‡¨ğŸ‡¾,true
Czech Republic,CZ,ğŸ‡¨ğŸ‡¿,true
Germany,DE,ğŸ‡©ğŸ‡ª,true
Denmark,DK,ğŸ‡©ğŸ‡°,true
Dominica,DM,ğŸ‡©ğŸ‡²,true
Dominican Republic,DO,ğŸ‡©ğŸ‡´,true
Algeria,DZ,ğŸ‡©ğŸ‡¿,true
Ecuador,EC,ğŸ‡ªğŸ‡¨,true
Estonia,EE,ğŸ‡ªğŸ‡ª,true
Egypt,EG,ğŸ‡ªğŸ‡¬,true
Spain,ES,ğŸ‡ªğŸ‡¸,true
Finland,FI,ğŸ‡«ğŸ‡®,true
Fiji,FJ,ğŸ‡«ğŸ‡¯,true
Micronesia,FM,ğŸ‡«ğŸ‡²,true
France,FR,ğŸ‡«ğŸ‡·,true
Gabon,GA,ğŸ‡¬ğŸ‡¦,true
United Kingdom,GB,ğŸ‡¬ğŸ‡§,true
Grenada,GD,ğŸ‡¬ğŸ‡©,true
Georgia,GE,ğŸ‡¬ğŸ‡ª,true
Ghana,GH,ğŸ‡¬ğŸ‡­,true
Gambia,GM,ğŸ‡¬ğŸ‡²,true
Greece,GR,ğŸ‡¬ğŸ‡·,true
Guatemala,GT,ğŸ‡¬ğŸ‡¹,true
Guinea-Bissau,GW,ğŸ‡¬ğŸ‡¼,true
Guyana,GY,ğŸ‡¬ğŸ‡¾,true
Hong Kong,HK,ğŸ‡­ğŸ‡°,true
Honduras,HN,ğŸ‡­ğŸ‡³,true
Croatia,HR,ğŸ‡­ğŸ‡·,true
Hungary,HU,ğŸ‡­ğŸ‡º,true
Indonesia,ID,ğŸ‡®ğŸ‡©,true
Ireland,IE,ğŸ‡®ğŸ‡ª,true
Israel,IL,ğŸ‡®ğŸ‡±,true
India,IN,ğŸ‡®ğŸ‡³,true
Iraq,IQ,ğŸ‡®ğŸ‡¶,true
Iceland,IS,ğŸ‡®ğŸ‡¸,true
Italy,IT,ğŸ‡®ğŸ‡¹,true
Jamaica,JM,ğŸ‡¯ğŸ‡²,true
Jordan,JO,ğŸ‡¯ğŸ‡´,true
Japan,JP,ğŸ‡¯ğŸ‡µ,true
Kenya,KE,ğŸ‡°ğŸ‡ª,true
Kyrgyzstan,KG,ğŸ‡°ğŸ‡¬,true
Cambodia,KH,ğŸ‡°ğŸ‡­,true
St. Kitts & Nevis,KN,ğŸ‡°ğŸ‡³,true
South Korea,KR,ğŸ‡°ğŸ‡·,true
Kuwait,KW,ğŸ‡°ğŸ‡¼,true
Cayman Islands,KY,ğŸ‡°ğŸ‡¾,true
Kazakhstan,KZ,ğŸ‡°ğŸ‡¿,true
Laos,LA,ğŸ‡±ğŸ‡¦,true
Lebanon,LB,ğŸ‡±ğŸ‡§,true
Saint Lucia,LC,ğŸ‡±ğŸ‡¨,true
Sri Lanka,LK,ğŸ‡±ğŸ‡°,true
Liberia,LR,ğŸ‡±ğŸ‡·,true
Lithuania,LT,ğŸ‡±ğŸ‡¹,true
Luxembourg,LU,ğŸ‡±ğŸ‡º,true
Latvia,LV,ğŸ‡±ğŸ‡»,true
Libya,LY,ğŸ‡±ğŸ‡¾,true
Morocco,MA,ğŸ‡²ğŸ‡¦,true
Moldova,MD,ğŸ‡²ğŸ‡©,true
Montenegro,ME,ğŸ‡²ğŸ‡ª,true
Macedonia,MK,ğŸ‡²ğŸ‡°,true
Mali,ML,ğŸ‡²ğŸ‡±,true
Myanmar,MM,ğŸ‡²ğŸ‡²,true
Mongolia,MN,ğŸ‡²ğŸ‡³,true
Macau,MO,ğŸ‡²ğŸ‡´,true
Mauritania,MR,ğŸ‡²ğŸ‡·,true
Montserrat,MS,ğŸ‡²ğŸ‡¸,true
Malta,MT,ğŸ‡²ğŸ‡¹,true
Mauritius,MU,ğŸ‡²ğŸ‡º,true
Maldives,MV,ğŸ‡²ğŸ‡»,true
Malawi,MW,ğŸ‡²ğŸ‡¼,true
Mexico,MX,ğŸ‡²ğŸ‡½,true
Malaysia,MY,ğŸ‡²ğŸ‡¾,true
Mozambique,MZ,ğŸ‡²ğŸ‡¿,true
Namibia,NA,ğŸ‡³ğŸ‡¦,true
Niger,NE,ğŸ‡³ğŸ‡ª,true
Nigeria,NG,ğŸ‡³ğŸ‡¬,true
Nicaragua,NI,ğŸ‡³ğŸ‡®,true
Netherlands,NL,ğŸ‡³ğŸ‡±,true
Norway,NO,ğŸ‡³ğŸ‡´,true
Nepal,NP,ğŸ‡³ğŸ‡µ,true
Nauru,NR,ğŸ‡³ğŸ‡·,true
New Zealand,NZ,ğŸ‡³ğŸ‡¿,true
Oman,OM,ğŸ‡´ğŸ‡²,true
Panama,PA,ğŸ‡µğŸ‡¦,true
Peru,PE,ğŸ‡µğŸ‡ª,true
Papua New Guinea,PG,ğŸ‡µğŸ‡¬,true
Philippines,PH,ğŸ‡µğŸ‡­,true
Pakistan,PK,ğŸ‡µğŸ‡°,true
Poland,PL,ğŸ‡µğŸ‡±,true
Portugal,PT,ğŸ‡µğŸ‡¹,true
Palau,PW,ğŸ‡µğŸ‡¼,true
Paraguay,PY,ğŸ‡µğŸ‡¾,true
Qatar,QA,ğŸ‡¶ğŸ‡¦,true
Romania,RO,ğŸ‡·ğŸ‡´,true
Serbia,RS,ğŸ‡·ğŸ‡¸,true
Russia,RU,ğŸ‡·ğŸ‡º,true
Rwanda,RW,ğŸ‡·ğŸ‡¼,true
Saudi Arabia,SA,ğŸ‡¸ğŸ‡¦,true
Solomon Islands,SB,ğŸ‡¸ğŸ‡§,true
Seychelles,SC,ğŸ‡¸ğŸ‡¨,true
Sweden,SE,ğŸ‡¸ğŸ‡ª,true
Singapore,SG,ğŸ‡¸ğŸ‡¬,true
Slovenia,SI,ğŸ‡¸ğŸ‡®,true
Slovakia,SK,ğŸ‡¸ğŸ‡°,true
Sierra Leone,SL,ğŸ‡¸ğŸ‡±,true
Senegal,SN,ğŸ‡¸ğŸ‡³,true
Suriname,SR,ğŸ‡¸ğŸ‡·,true
Sao Tome & Principe,ST,ğŸ‡¸ğŸ‡¹,true
El Salvador,SV,ğŸ‡¸ğŸ‡»,true
Swaziland,SZ,ğŸ‡¸ğŸ‡¿,true
Turks & Caicos,TC,ğŸ‡¹ğŸ‡¨,true
Chad,TD,ğŸ‡¹ğŸ‡©,true
Thailand,TH,ğŸ‡¹ğŸ‡­,true
Tajikistan,TJ,ğŸ‡¹ğŸ‡¯,true
Turkmenistan,TM,ğŸ‡¹ğŸ‡²,true
Tunisia,TN,ğŸ‡¹ğŸ‡³,true
Tonga,TO,ğŸ‡¹ğŸ‡´,true
Turkey,TR,ğŸ‡¹ğŸ‡·,true
Trinidad & Tobago,TT,ğŸ‡¹ğŸ‡¹,true
Taiwan,TW,ğŸ‡¹ğŸ‡¼,true
Tanzania,TZ,ğŸ‡¹ğŸ‡¿,true
Ukraine,UA,ğŸ‡ºğŸ‡¦,true
Uganda,UG,ğŸ‡ºğŸ‡¬,true
United States,US,ğŸ‡ºğŸ‡¸,true
Uruguay,UY,ğŸ‡ºğŸ‡¾,true
Uzbekistan,UZ,ğŸ‡ºğŸ‡¿,true
St. Vincent & The Grenadines,VC,ğŸ‡»ğŸ‡¨,true
Venezuela,VE,ğŸ‡»ğŸ‡¨,true
Virgin Islands,VI,ğŸ‡»ğŸ‡®,true
Vietnam,VN,ğŸ‡»ğŸ‡³,true
Vanuatu,VU,ğŸ‡°ğŸ‡³,true
Kosovo,XK,ğŸ‡½ğŸ‡°,true
Yemen,YE,ğŸ‡¾ğŸ‡ª,true
South Africa,ZA,ğŸ‡¿ğŸ‡¦,true
Zambia,ZM,ğŸ‡¿ğŸ‡²,true
Zimbabwe,ZW,ğŸ‡¿ğŸ‡¼,true
Andorra,AD,ğŸ‡¦ğŸ‡©,false
Antarctica,AQ,ğŸ‡¦ğŸ‡¶,false
American Samoa,AS,ğŸ‡¦ğŸ‡¸,false
Aruba,AW,ğŸ‡¦ğŸ‡¼,false
Ã…land Islands,AX,ğŸ‡¦ğŸ‡½,false
Bangladesh,BD,ğŸ‡§ğŸ‡©,false
Burundi,BI,ğŸ‡§ğŸ‡®,false
Saint BarthÃ©lemy,BL,ğŸ‡§ğŸ‡±,false
"Bonaire, Sint Eustatius and Saba",BQ,ğŸ‡§ğŸ‡¶,false
Bouvet Island,BV,ğŸ‡§ğŸ‡»,false
Cocos (Keeling) Islands,CC,ğŸ‡¨ğŸ‡¨,false
Central African Republic,CF,ğŸ‡¨ğŸ‡«,false
Cook Islands,CK,ğŸ‡¨ğŸ‡°,false
Cameroon,CM,ğŸ‡¨ğŸ‡²,false
Cuba,CU,ğŸ‡¨ğŸ‡º,false
CuraÃ§ao,CW,ğŸ‡¨ğŸ‡¼,false
Christmas Island,CX,ğŸ‡¨ğŸ‡½,false
Djibouti,DJ,ğŸ‡©ğŸ‡¯,false
Western Sahara,EH,ğŸ‡ªğŸ‡­,false
Eritrea,ER,ğŸ‡ªğŸ‡·,false
Ethiopia,ET,ğŸ‡ªğŸ‡¹,false
Falkland Islands (Malvinas),FK,ğŸ‡«ğŸ‡°,false
Faroe Islands,FO,ğŸ‡«ğŸ‡´,false
French Guiana,GF,ğŸ‡¬ğŸ‡«,false
Guernsey,GG,ğŸ‡¬ğŸ‡¬,false
Gibraltar,GI,ğŸ‡¬ğŸ‡®,false
Greenland,GL,ğŸ‡¬ğŸ‡±,false
Guinea,GN,ğŸ‡¬ğŸ‡³,false
Guadeloupe,GP,ğŸ‡¬ğŸ‡µ,false
Equatorial Guinea,GQ,ğŸ‡¬ğŸ‡¶,false
South Georgia,GS,ğŸ‡¬ğŸ‡¸,false
Guam,GU,ğŸ‡¬ğŸ‡º,false
Heard Island and Mcdonald Islands,HM,ğŸ‡­ğŸ‡²,false
Haiti,HT,ğŸ‡­ğŸ‡¹,false
Isle of Man,IM,ğŸ‡®ğŸ‡²,false
British Indian Ocean Territory,IO,ğŸ‡®ğŸ‡´,false
Iran,IR,ğŸ‡®ğŸ‡·,false
Jersey,JE,ğŸ‡¯ğŸ‡ª,false
Kiribati,KI,ğŸ‡°ğŸ‡®,false
Comoros,KM,ğŸ‡°ğŸ‡²,false
North Korea,KP,ğŸ‡°ğŸ‡µ,false
Liechtenstein,LI,ğŸ‡±ğŸ‡®,false
Lesotho,LS,ğŸ‡±ğŸ‡¸,false
Monaco,MC,ğŸ‡²ğŸ‡¨,false
Saint Martin (French Part),MF,ğŸ‡²ğŸ‡«,false
Madagascar,MG,ğŸ‡²ğŸ‡¬,true
Marshall Islands,MH,ğŸ‡²ğŸ‡­,false
Northern Mariana Islands,MP,ğŸ‡²ğŸ‡µ,false
Martinique,MQ,ğŸ‡²ğŸ‡¶,false
New Caledonia,NC,ğŸ‡³ğŸ‡¨,false
Norfolk Island,NF,ğŸ‡³ğŸ‡«,false
Nauru,NR,ğŸ‡³ğŸ‡·,false
Niue,NU,ğŸ‡³ğŸ‡º,false
French Polynesia,PF,ğŸ‡µğŸ‡«,false
Saint Pierre and Miquelon,PM,ğŸ‡µğŸ‡²,false
Pitcairn,PN,ğŸ‡µğŸ‡³,false
Puerto Rico,PR,ğŸ‡µğŸ‡·,false
Palestinian Territory,PS,ğŸ‡µğŸ‡¸,false
RÃ©union,RE,ğŸ‡·ğŸ‡ª,false
Sudan,SD,ğŸ‡¸ğŸ‡©,false
"Saint Helena, Ascension and Tristan Da Cunha",SH,ğŸ‡¸ğŸ‡­,false
Svalbard and Jan Mayen,SJ,ğŸ‡¸ğŸ‡¯,false
San Marino,SM,ğŸ‡¸ğŸ‡²,false
Somalia,SO,ğŸ‡¸ğŸ‡´,false
South Sudan,SS,ğŸ‡¸ğŸ‡¸,false
Sint Maarten (Dutch Part),SX,ğŸ‡¸ğŸ‡½,false
Syrian Arab Republic,SY,ğŸ‡¸ğŸ‡¾,false
French Southern Territories,TF,ğŸ‡¹ğŸ‡«,false
Togo,TG,ğŸ‡¹ğŸ‡¬,false
Tokelau,TK,ğŸ‡¹ğŸ‡°,false
Timor-Leste,TL,ğŸ‡¹ğŸ‡±,false
Tuvalu,TV,ğŸ‡¹ğŸ‡»,false
Vatican City,VA,ğŸ‡»ğŸ‡¦,false
"Virgin Islands, British",VG,ğŸ‡»ğŸ‡¬,false
Wallis and Futuna,WF,ğŸ‡¼ğŸ‡«,false
Samoa,WS,ğŸ‡¼ğŸ‡¸,false
Mayotte,YT,ğŸ‡¾ğŸ‡¹,false
